{
  "tagline": "Homenaje respetuoso y potente a Soda Stereo & Gustavo Cerati.",
  "bio_short": "RITO STEREO es un Homenaje no oficial que honra la obra de Soda/Cerati con fidelidad sonora, arreglos curados por eras y una puesta visual contemporánea. Nuestro show combina los clásicos más icónicos con una experiencia visual moderna que respeta la esencia original mientras aporta una perspectiva fresca.",
  "social": {
    "instagram": "https://instagram.com/ritostereo",
    "youtube": "https://youtube.com/@ritostereo",
    "spotify": "https://open.spotify.com/artist/xxxx"
  },
  "youtube_videos": [
    "dQw4w9WgXcQ",
    "jNQXAC9IVRw", 
    "fJ9rUzIMcZQ",
    "9bZkp7q19f0",
    "YQHsXMglC9A",
    "kJQP7kiw5Fk"
  ],
  "soundcloud_tracks": [
    {
      "title": "Mix Ensayo - RITO STEREO",
      "url": "https://api.soundcloud.com/tracks/soundcloud%253Atracks%253A2183819947",
      "embed_code": "<iframe width=\"100%\" height=\"166\" scrolling=\"no\" frameborder=\"no\" allow=\"autoplay\" src=\"https://w.soundcloud.com/player/?url=https%3A//api.soundcloud.com/tracks/soundcloud%253Atracks%253A2183819947&color=%23ff5500&auto_play=false&hide_related=false&show_comments=true&show_user=true&show_reposts=false&show_teaser=true\"></iframe><div style=\"font-size: 10px; color: #cccccc;line-break: anywhere;word-break: normal;overflow: hidden;white-space: nowrap;text-overflow: ellipsis; font-family: Interstate,Lucida Grande,Lucida Sans Unicode,Lucida Sans,Garuda,Verdana,Tahoma,sans-serif;font-weight: 100;\"><a href=\"https://soundcloud.com/rito-stereo\" title=\"Rito Stereo\" target=\"_blank\" style=\"color: #cccccc; text-decoration: none;\">Rito Stereo</a> · <a href=\"https://soundcloud.com/rito-stereo/mix-ensayo\" title=\"mix Ensayo\" target=\"_blank\" style=\"color: #cccccc; text-decoration: none;\">mix Ensayo</a></div>"
    }
  ],
  "spotify_playlist": "https://open.spotify.com/playlist/xxxx"
}
